application_id,job_title,location,status,applied_date,source
224934,"Housekeeping Houseperson - Conrad Washington DC","Washington, DC, United States","Application Received","2026-10-02","User-provided screenshot"
218610,"Housekeeping Houseperson (Full Time) *free parking*","New Orleans, LA, United States","Application Received","2026-10-02","User-provided screenshot"
223391,"Houseperson - 9am to 530pm","Key West, FL, United States","Application Received","2026-10-02","User-provided screenshot"
221459,"Houseperson - Hilton Austin","Austin, TX, United States","Application Received","2026-10-02","User-provided screenshot"
221359,"Houseperson - Public Areas - Franchise","Saint Charles, MO, United States","Under Consideration","2026-10-02","User-provided screenshot"
223676,"Houseperson","Sao Paulo, SP, Brazil","Application Received","2026-10-02","User-provided screenshot"
214137,"Laundry Attendant - Waldorf Astoria Monarch Beach Resort","Dana Point, CA, United States","Application Received","2026-10-02","User-provided screenshot"
223036,"Housekeeping Coordinator","Auckland, New Zealand","Application Received","2026-10-02","User-provided screenshot"
207181,"Housekeeper - Hilton Waikoloa Village","Waikoloa, HI, United States","Application Received","2026-10-02","User-provided screenshot"
222762,"Uniform Attendant - Signia by Hilton Indianapolis","Indianapolis, IN, United States","Application Received","2026-10-02","User-provided screenshot"
