application_id,hotel,contact_name,contact_title,linkedin,public_phone,public_email,notes
"224934","Conrad Washington DC","Laura Hofer","Senior Human Resources Manager","https://www.linkedin.com/in/laura-hofer-224420123","","",""
"218610","Hilton New Orleans Riverside","Angela St Clair","Director of Human Resources","","+1 504-561-0500","","Also Stephen Hitzfeldt — Human Resources Recruiter/Training"
"223391","Casa Marina Key West / The Reach Key West","Barbara Stevens","Complex Director of Human Resources / Assistant Director of Human Resources (current directory title differs)","https://www.linkedin.com/in/barbara-stevens-857b70169","","",""
"221459","Hilton Austin","Angelika Lucero","Assistant Director of Human Resources","https://www.linkedin.com/in/angelika-lucero","+1 512-482-8000","",""
"221359","Home2 Suites by Hilton St. Charles St. Louis","Not publicly verified","Direct HR person not publicly verified","","+1 636-268-2118","STLLO_Home2@hilton.com","Franchise / new opening; official hotel contact only"
"223676","Hilton São Paulo Morumbi","Fernanda Brito","Gestora de Recursos Humanos / HR Manager","https://br.linkedin.com/in/fernanda-brito-48164499","","",""
"214137","Waldorf Astoria Monarch Beach Resort & Club","Ileana Maria Infante","Assistant Director of Human Resources","https://www.linkedin.com/in/ileanainfante","","","Current 2026 HR activity; earlier Lisa Nichols appointment also found"
"223036","Hilton Auckland","Claire Colehouse","Director of Human Resources","https://nz.linkedin.com/in/claire-colehouse-53926a71","+64 9 978 2000","auckland@hilton.com","Official hotel contact route"
"207181","Hilton Waikoloa Village","Evangeline Sobrepena","Area Director / Director of Human Resources","https://www.linkedin.com/in/evangeline-sobrepena-4a5b528","","",""
"222762","Signia by Hilton Indianapolis","Jackie O'Brien","HR leader / pre-opening recruiting lead","https://www.linkedin.com/in/jackie-o-brien-30739950","","","Public posts show she is hiring the HR opening team"
