"lead_id","as_of_date","locked_category","job_title","employer","work_location","posted_date","application_deadline","employment_type","advertised_hours_per_week","gross_pay_eur","collective_agreement","accommodation","experience_language_notes","employer_identity_check","application_route","primary_vacancy_url","official_employer_url","permit_compatibility_evidence","status","reason_and_next_action"
"FI-20261009-001","2026-10-09","Cleaner / Housekeeper","Housekeeper","Harriniva Oy","Muonio / Lapland","2026-08-03","2026-10-31","Full-time seasonal","Not stated","According to agreement; amount not stated","Not specified in listing","Employer says it will help find an apartment","Floor cleaning at Harriniva Adventure Resort; experience requirement not explicitly stated"," Employer website and matching official-domain contact verified; vacancy listed on Job Market Finland via Laura"," Official recruitment portal linked from listing; contact laura@harriniva.fi","https://laura.fi/en/vacancies/harriniva-oy/housekeeper/3833124/","https://harriniva.fi/en/about-us/","No statement found about employing a candidate currently outside Finland or permit paperwork; must confirm","REVIEW","Good current full-time match; confirm exact gross monthly pay, guaranteed hours, applicable collective agreement, contract dates, and whether an applicant currently in India can be hired for the correct work/residence-permit route."
"FI-20261009-002","2026-10-09","Construction Helper","Constructionwork (ad says construction helper)","Byggtjänst Enlund Ab Oy","Vaasa–Mustasaari / Ostrobothnia","2026-10-05","2026-10-31","Full-time listed; starts with probationary period and aims to continue full-time","Not stated","Not stated","Not stated","Not stated","No prior construction experience required; work alongside experienced carpenters; no Swedish requirement stated","Company website/contact and Business ID 2285243-1 found; company details match the vacancy contact"," Call Håkan Enlund at +358 500 865 622; listed email h.enlund@netikka.fi","https://laura.fi/en/vacancies/byggtjanst-enlund-ab-oy/constructionwork/3888932/","https://www.rakennuspalveluenlund.fi/sv","No statement found about overseas hiring or permit support; guaranteed hours/pay and salary must be clarified","REVIEW","Strong experience-fit lead and employer identity appears consistent. Before treating as viable, ask whether they can employ an applicant currently outside Finland, confirm gross wage and minimum guaranteed hours in writing, and confirm the correct residence-permit route."
"FI-20261009-003","2026-10-09","Production / Factory Helper","Production worker, Vaisala Oyj (employer of record: Barona Teollisuus Oy)","Barona Teollisuus Oy; client worksite Vaisala Oyj","Vantaa","2026-10-05","2026-10-18","Fixed-term; listing has an end-date inconsistency (until 31 Dec in one section, end of Jan in another)","40","Wage field says Other; amount not stated","Not stated","Not stated","Good English required; 2-shift work 06:00–22:00; no previous electronics experience required; light lifting/standing"," Vacancy on Laura sourced from Job Market Finland; application goes to Barona Careers and the employer contact uses @barona.fi"," Apply through Barona Careers linked from the vacancy; contact Annika Vihavainen at annika.vihavainen@barona.fi","https://laura.fi/en/vacancies/barona-teollisuus-oy/production-worker-vaisala-oyj/3889365/","https://www.baronacareers.com/","No disclosed salary or confirmation of overseas candidate/permit processing; contract dates need clarification","REVIEW","Potential match for an English-speaking beginner with 40 hours/week, but do not proceed as permit-ready until base gross pay meets EUR 1,600/month and the collective agreement, exact end date, and overseas hiring are confirmed."
"FI-20261009-004","2026-10-09","Cleaner / Housekeeper","Open application for Housekeeper, Lapland, Winter season 2026–2027","Bondata Lapland / Bondata staffing services","Lapland (placements with client companies)","2026-09-22","2026-10-18","Full-time temporary/seasonal pipeline; no named jobsite yet","Not stated","At least applicable collective agreement; amount not stated","Applicable sector collective agreement (not named in the listing)","Affordable-rent staff accommodation advertised","Fluent English; experience from similar work OR relevant education requested; role accepts online applications only"," Primary vacancy appears on Bondata's recruitment portal; Bondata corporate website identifies it as a Finnish staffing provider; Business ID 0974659-7 appears on its official job site"," Apply online via Bondata's official recruitment portal; contact lappi@bondata.fi for questions","https://henkilostopalvelut.bondata.fi/en/job-seekers/job-openings/open-application-for-housekeeper-lapland-winter-season-2026-2027-znvd5q/","https://bondata.fi/en/","No specific client, exact pay/hours or overseas permit handling confirmed","REVIEW","Legitimate-looking open application with staff housing and a full-time seasonal pipeline, but it is not a guaranteed named vacancy. Confirm eligibility for a candidate with no experience, client assignment, guaranteed hours, gross pay, contract and whether Bondata can employ someone applying from outside Finland."
"FI-20261009-005","2026-10-09","Construction Cleaner / Labour","Construction Cleaner /Labour","BM PALVELUT OY","Location not stated in vacancy; Work in Finland search display showed Espoo","2026-08-21","2026-11-21","Part-time / gig work / shift work","Not stated","Wage field says Other; amount not stated","Not stated","Not stated","Tasks include construction cleaning, sorting/removing waste, carrying materials and assisting construction workers; travel required"," Vacancy appears on Laura/Job Market Finland and Work in Finland search results, but legal identity/contact-domain relationship still needs further checking"," Listing asks applicants to email rekry.bmpalvelutoy@gmail.com","https://laura.fi/en/vacancies/bm-palvelut-oy/construction-cleaner-labour/3846100/","https://www.workinfinland.com/en/open-jobs/?category=services&query=Cleaner","No guaranteed hours or salary disclosed; employer/permit route not confirmed; generic Gmail contact needs independent confirmation","REVIEW","Do not treat as visa-eligible yet. Confirm legal employer and jobsite, ask for guaranteed minimum hours and written gross pay, and verify that the employer will hire from outside Finland. Generic Gmail alone is not proof of fraud, but it is an unresolved verification point."
"FI-20261009-006","2026-10-09","Cleaner / Housekeeper","Housekeepers- Hanko","Siskon Siivous Oy","Hanko","2026-09-29","2026-10-13","On-demand / part-time"," 0–37.5; as-needed, not guaranteed","EUR 12.59/hour","Property services sector collective agreement","Not stated","Listing states cleaning-industry experience and Finnish or English fluency"," Employer is an established company with Business ID 0977912-9; current official careers page did not show this specific Hanko opening when checked, while third-party listing still did"," Laura listing points candidates to the employer recruitment portal","https://laura.fi/en/vacancies/siskon-siivous-oy/housekeepers-hanko/3883998/","https://rekry.siskonsiivous.fi/jobs","The listing expressly describes on-demand hours from 0–37.5/week; zero-hours/on-demand does not meet the standard TTOL minimum-hours test","REJECTED","Not suitable for this project’s standard work-permit screening: no guaranteed minimum hours and on-demand contract. It also requires cleaning experience, which has not been established. Do not rely on it to meet EUR 1,600/month."
"FI-20261009-007","2026-10-09","Cleaner / Housekeeper","Housekeeper / Cleaner","N-Clean Oy","Pori","2026-10-01","2026-10-12","Permanent part-time"," 5–15"," EUR 11.33/hour trainee; EUR 12.59–13.22/hour thereafter","Property services sector collective agreement","Not stated","Previous work experience required; driving licence and own vehicle needed for some sites; English plus basic Finnish may suffice"," Employer's identity and official recruitment portal are linked from the listing; N-Clean Oy Business ID 1009938-2 confirmed on official nclean.fi website; official recruitment portal linked from employer listing"," Apply only through N-Clean's official online form","https://laura.fi/en/vacancies/n-clean-oy/housekeeper-cleaner/3886283/","https://rekry.nclean.fi/","Listing explicitly says non-Finnish applicants must already hold a valid work permit; 5–15 hours/week","REJECTED","Explicit prior-work-permit requirement and only 5–15 hours/week make it unsuitable for a first-time overseas applicant seeking a new permit. It also states previous experience is required."
"FI-20261009-008","2026-10-09","Cleaner / Housekeeper","Seasonal housekeeper","Arctic GM Experiences OY","Sonka Resort near Rovaniemi","2026-09-22","2026-10-31","Full-time seasonal; 1 Nov 2026–31 Mar 2027","112.5 hours per 3 weeks (37.5/week)","Not stated","Not stated","Not stated","Previous housekeeping/professional cleaning experience required; good spoken English required"," Listing available through Laura/Job Market Finland; no additional official application source independently confirmed in this pass"," Listing asks CV and short introduction by email to ana.maria.feisi@sonka.fi","https://laura.fi/en/vacancies/arctic-gm-experiences-oy/seasonal-housekeeper/3874241/","","Ad explicitly requires non-EU/EEA applicants to already hold a valid residence/work permit","REJECTED","Not suitable for first-time overseas applicants: the ad explicitly requires a valid residence/work permit already, and prior housekeeping experience."
"FI-20261009-009","2026-10-09","Cleaner / Housekeeper","Housekeeping Staff, Pyhätunturi, Lapland","Sunday Morning Collection","Pelkosenniemi / Pyhätunturi","2026-07-17","2026-10-30 on third-party board","Full-time seasonal; winter 2026–27","Not stated","EUR 1,942–2,160/month on third-party listing","MARA collective agreement","Affordable-rent staff accommodation advertised","No prior experience required; training provided; Category B driving licence required per employer page"," Official employer page was checked and explicitly says the housekeeping team is full and it is no longer accepting applications; third-party board appears stale"," Do not apply to the stale listing; only contact employer if asking about a future opening","https://laura.fi/en/vacancies/sunday-morning-collection/housekeeping-staff-pyhatunturi-lapland-finland/3825241/","https://sundaymorning.fi/news-stories/team-careers/housekeeping-staff","Employer's own careers page overrides the third-party listing and says applications are closed","REJECTED","Closed by the employer despite a third-party page showing a later deadline. Kept as an example of why the employer's own status must be checked."
"FI-20261009-010","2026-10-09","Warehouse / Material Handling Helper","Warehouse Worker, Tampere","Academic Work Finland Oy","Tampere","2026-10-07","Not stated","Full-time","Not stated","Not stated","Not stated","Not stated","Requires previous warehouse/storekeeping/inventory experience, SAP or similar system knowledge, and fluent Finnish and English; includes material handling, inventory and packing"," Current listing found on Jobs Portal; company is a recruitment intermediary; application and client details need independent checking if reconsidered"," Apply via the listing's Apply Now route only after full verification","https://www.jobsportal.fi/jobs/11745-warehouse-worker-tampere/","","No salary/hourly pay or overseas permit support confirmed; fit requirements exceed the user's stated experience/language profile","REJECTED","Role is materially more technical than a helper job and requires prior warehouse/inventory experience, SAP/ERP familiarity, and fluent Finnish plus English. Do not prioritize for this candidate."
"FI-20261009-011","2026-10-09","Cleaner / Housekeeper","Cleaner – Holiday Homes, Homes and Offices","Raikas Group Oy","Rovaniemi","2026-08-10","2026-10-31","Part-time seasonal; flexible hours","Not stated","Negotiable based on experience and skills","Not stated","Not stated","English required; Finnish is an advantage; valid Category B driving licence required; previous cleaning experience is an advantage, not a requirement","Vacancy appears on Laura / Job Market Finland and lists employer contact noora.kestikievari@raikasgroup.fi; independent legal identity/application-route verification still required","Email application to noora.kestikievari@raikasgroup.fi per vacancy; verify official application route before sharing documents","https://laura.fi/en/vacancies/raikas-group-oy/cleaner-holiday-homes-homes-and-offices/3837669/","","No explicit overseas-hiring or residence-permit support statement found; salary/hours need confirmation","REVIEW","Active listing shown through 2026-10-31, and no prior cleaning experience is mandatory. However it is part-time with flexible hours, hourly wage is negotiable, and a Category B driving licence is required. Ask for guaranteed minimum hours, gross base pay, and overseas-hiring/permit route before considering it viable."
"FI-20261009-012","2026-10-09","Cleaner / Housekeeper","Cleaner","WASH UP Oy","Helsinki Metropolitan Area (Helsinki / Espoo / Vantaa)","2026-10-02","2026-10-16","Part-time gig / shift work","Not stated; more hours only if operational needs allow","Not stated","Not stated","Not stated","Cleaning of company and private homes; early shifts; travel between customer locations may be required","Current listing found on Laura and Jobs Portal; company says it has operated since 2009, but the specific employment/permit details remain unverified","Apply only using the route on the active listing after confirming the employer and terms","https://laura.fi/avoimet-tyopaikat/wash-up-oy/cleaner/3887650/","","No guaranteed minimum hours or gross pay disclosed; part-time and gig shifts dependent on customer needs are not a reliable TTOL route","REJECTED","Rejected for this first-time overseas work-permit project because the listing is part-time/gig work with no stated guaranteed minimum hours or base salary. This is a permit-suitability decision, not a claim that the employer is fraudulent."
"FI-20261009-013","2026-10-09","Production / Factory Helper","Production workers — Fluiconnecto Oy","Osuma Henkilöstöpalvelut Oy (recruiting for Fluiconnecto Oy; legal contract party to confirm)","Vieremä, North Savo","2026-08-27","2026-10-11","Permanent; full-time weekday work, mainly day shift","Full-time; exact guaranteed weekly hours not stated","From EUR 12.37/hour under the trade-sector collective agreement; at 40h/week ≈ EUR 2,128/month gross before variable supplements","Trade-sector collective agreement, task group A","Not stated","Entry-level assisting production tasks; full training offered; previous industrial experience is an advantage only; language requirement not stated in the ad","Official Osuma recruitment page lists the vacancy and names Fluiconnecto as the client; legal employer/contract party should be confirmed","Apply through the Osuma online form; contact Erno Randelin at 045 269 6696 or erno.randelin@osuma.fi","https://ohp.fi/positions/tuotantotyontekijoita-46190083/","https://ohp.fi/","Full-time base pay appears above EUR 1,600/month if 40 hours/week are guaranteed; no confirmation found that applicants currently in India will be hired or supported for a permit","REVIEW","High-priority lead because it offers assisting production tasks, full training and a stated hourly wage. Deadline is 11 Oct 2026. Urgently confirm legal contract party, guaranteed hours, language requirements, exact base pay and whether they will hire an applicant applying from outside Finland."
"FI-20261009-014","2026-10-09","Production / Factory Helper","Production worker for a house-element factory","Osuma Henkilöstöpalvelut Oy (client employer not named in listing)","Kempele, North Ostrobothnia","2026-10-08","2026-10-13","Fixed-term; full-time, one shift","Monday–Friday 07:00–15:30; expected schedule about 40h/week, confirm paid hours","Negotiable; exact gross hourly/monthly pay not stated","Not specified in the listing","Not stated","Training provided; previous construction or house-factory experience is an advantage, not a requirement; language requirement not stated","Active Laura/Job Market Finland listing with Osuma recruitment contact; end-client legal employer is not named in the public ad","Apply through Osuma's online form; contact Tommi Karsikas at 050 341 2168 or tommi.karsikas@osuma.fi","https://laura.fi/avoimet-tyopaikat/osuma-henkilostopalvelut-oy/tuotantotyontekija-talotehtaaseen/3893894/","https://ohp.fi/","Full-time schedule may support the income threshold, but wage, legal contract party and overseas-hiring/permit support are not confirmed","REVIEW","Entry-level-friendly production role with training; application deadline 13 Oct 2026. Confirm written gross base wage, guaranteed hours, legal employer, language requirements and whether an overseas applicant can be hired."
"FI-20261009-015","2026-10-09","General Worker / Labourer","Earthworks shovel worker (Lapiotyöntekijä maanrakennusalalle)","Rekrymesta Henkilöstöpalvelut Oy","Multiple regions: Uusimaa, North Ostrobothnia, Lapland, Kainuu; worksites across Finland","2026-09-22","2026-10-12","Temporary/full-time; possible continuation into spring 2027","Full-time; exact guaranteed hours not specified","Wage under the infrastructure-sector collective agreement, according to experience; amount not stated","Infrastructure-sector collective agreement","Not stated","Prior earthworks experience is an advantage but not always required; duties may include assisting an excavator operator, laser use, pipe installation and plate compactor work; valid occupational-safety and road-safety cards required","Active Laura/Job Market Finland listing names Rekrymesta; public listing provides company contact","Apply through Rekrymesta online form; contact info@rekrymesta.fi","https://laura.fi/avoimet-tyopaikat/rekrymesta-henkilostopalvelut-oy/lapiotyontekija-maanrakennusalalle/3876722/","https://rekrymesta.fi/","Wage level, language requirements, how to obtain required safety cards and hiring from outside Finland remain unconfirmed","REVIEW","Four vacancies and multiple Finnish regions; prior experience is not always mandatory. Deadline 12 Oct 2026. Confirm wage, exact worksite, required cards, contract party and whether they can hire an applicant from India."
"FI-20261009-016","2026-10-09","Cleaner / Housekeeper","Winter-season cleaner, Saariselkä","Tunturin kiinteistöpalvelut","Saariselkä, Inari, Lapland","2026-08-13","2026-11-01","Seasonal/full-time listing; listing says work may continue with regular cleaning after the season","About 30 hours/week; workload can fluctuate slightly with bookings","EUR 16/hour advertised; about EUR 2,064/month gross at 30h/week using the Migri 4.3 weekly-hours calculation, if those hours are actually worked/guaranteed","Applicable collective-agreement supplements also apply; base rate is stated as EUR 16/hour","Not stated; ask about staff accommodation","Experience wording differs between sources: employer-page summary says experienced worker; aggregator text says previous cleaning experience is an advantage and training is provided; actual requirement needs direct confirmation","Laura/Job Market Finland listing names the company and contact person; independent legal-register check and overseas-hiring confirmation still required","Contact Annika Saniola using the contact route on the vacancy; phone shown as 040 737 7250; do not guess the hidden email address","https://laura.fi/avoimet-tyopaikat/tunturin-kiinteistopalvelut/siivooja-talvisesonkiin-saariselalle/3840227/","https://www.jobly.fi/tyopaikka/siivooja-talvisesonkiin-saariselalle-2733683","Advertised rate and approximately 30h/week appear to clear EUR 1,600/month if hours are realised; no confirmation found that non-EU candidates applying from abroad are accepted or supported","REVIEW","One of the strongest new leads on advertised pay: EUR 16/hour and about 30h/week. Deadline 1 Nov 2026. Ask for guaranteed minimum hours, written base pay, experience requirement, accommodation cost, and whether they hire first-time overseas applicants under the correct permit route."
"FI-20261009-017","2026-10-09","Cleaner / Housekeeper","Housekeepers for winter season — Original Sokos Hotel Vaakuna Rovaniemi","Osuuskauppa Arina","Rovaniemi, Lapland","2026-08-25 (reposted 2026-10-08)","2026-10-18","Fixed-term; expected to end 2027-03-31","80 hours per 3 weeks (about 26.67h/week)","EUR 12.97–14.33/hour depending on training/experience; about EUR 1,489–1,644/month gross at 80h/3 weeks, depending on rate","Hotel, restaurant and leisure-services collective agreement","Not stated","Housekeeping: hotel rooms/public areas, dusting, vacuuming, mopping and linen; official listing aggregation tags Finnish as required, so language must be confirmed","Job is listed on the S Group/Arina official career sources; original application routes through S Group's recruitment system","Apply through S Group's official careers portal linked from the Arina vacancy","https://s-ryhma.fi/en/careers/open-jobs?all=true&id=R-38008","https://arina.fi/toissa-meilla/avoimet-tyopaikat","At the lowest advertised rate, calculated monthly gross falls below EUR 1,600; only the top wage in the advertised range appears to clear it. Finnish-language requirement and overseas hiring/permit support are unconfirmed","REVIEW","About six seasonal openings are described and the deadline is 18 Oct 2026. Do not treat as permit-compatible until the employer confirms the actual starting wage (it must be enough at the contracted hours), language requirement and willingness to hire from outside Finland."
"FI-20261009-018","2026-10-09","Cleaner / Housekeeper","Industrial-site cleaners, Raahe","RTK-Palvelu Oy","Raahe, North Ostrobothnia","2026-09-08","2026-10-18","Permanent; full-time day work","Full-time; exact weekly hours not stated","Under the property-services collective agreement; exact gross rate not stated","Property-services sector collective agreement","Not stated","Factory cleaning/maintenance cleaning; fluent Finnish is explicitly expected; factory-cleaning experience is preferred; occupational safety card is required but training may be provided","Active Laura/Job Market Finland listing with a named contact using rtkpalvelu.fi; official recruitment portal linked","Apply via RTK-Palvelu's online recruitment portal; contact Tanja Putaansuu at tanja.putaansu@rtkpalvelu.fi","https://laura.fi/avoimet-tyopaikat/rtk-palvelu-oy/siivoojia-teollisuuskohteeseen-raaheen/3862417/","https://www.rtkpalvelu.fi/","Full-time contract and collective-agreement pay are stated, but exact wage, permit route and overseas hiring remain unconfirmed; fluent Finnish is a substantial eligibility barrier if the applicant does not speak it","REVIEW","Current full-time permanent cleaner vacancy with deadline 18 Oct 2026. Confirm gross base pay, exact Finnish-language level and overseas recruitment before spending time on an application."
"FI-20261009-019","2026-10-09","Cleaner / Housekeeper","Housekeeper — Lapland Hotels Olos","Lapland Hotels (recruitment listing shows Lapland Hotels; contract employer to confirm)","Muonio, Lapland","2026-09-29","Not stated on the current search result","Winter season; start can be arranged for October or November 2026 through about 2027-04-18","About 90 hours per 3 weeks (about 30h/week)","At least under the hotel/restaurant sector collective agreement; exact rate not stated","Hotel and restaurant sector collective agreement (MARA/Marava)","Shared staff accommodation may be available; confirm price and availability","Previous cleaning experience is an advantage, not stated as mandatory; physical fitness and ability to work under pressure; driving licence and own vehicle desirable because accommodation/workplace are about 9km apart","Current Jobly listing names Lapland Hotels; official employer careers page and direct application route need separate confirmation","Apply only through the live employer/recruitment link on the listing after checking it remains open","https://www.jobly.fi/tyopaikka/kerroshoitaja-lapland-hotels-olos-2685780","https://www.laplandhotels.com/","No exact base rate, guaranteed hours, overseas-hiring decision or first permit route confirmed; at 30h/week the actual hourly rate must be enough to reach EUR 1,600/month gross","REVIEW","Potential seasonal match where prior experience is advantageous rather than mandatory and shared housing may be available. Ask for hourly base wage, guaranteed hours, housing cost, language requirements and whether an applicant from outside Finland can be hired."
"FI-20261009-020","2026-10-09","Cleaner / Housekeeper","Hotel cleaners — Helsinki, Vantaa and Espoo","RTK-Palvelu Oy","Helsinki metropolitan area, Uusimaa","2026-09-09","2026-10-22","Permanent; part-time","15–37.5 hours/week, agreed depending on situation","Under property-services collective agreement; exact gross rate not stated","Property-services sector collective agreement","Not stated","Requires previous cleaning experience; hotel housekeeping experience is an advantage; shifts across mornings, days, evenings and nights; driving licence is useful but not essential","Active Laura/Job Market Finland listing and direct RTK-Palvelu recruitment route; employer is identifiable","Apply through RTK-Palvelu's recruitment portal; contact Eeda Haveri at eeda.haveri@rtkpalvelu.fi","https://laura.fi/avoimet-tyopaikat/rtk-palvelu-oy/siivoojia-hotellikohteisiin-paakaupunkiseudulle/3863952/","https://www.rtkpalvelu.fi/","At the advertised lower hours (15/week), expected monthly pay cannot reliably meet EUR 1,600; overseas hiring not confirmed; previous experience is expected","REVIEW","This is an active multi-position vacancy but not yet a reliable work-permit option. Consider only if RTK can guarantee enough regular hours and a sufficient base wage, and confirm the language and overseas-hiring rules."
"FI-20261009-021","2026-10-09","Cleaner / Housekeeper","Cleaners in Lapland — Cleanbros team","Bros Palvelut Oy (Cleanbros)","Muonio, Lapland","Shown as an open job on Work in Finland search on 2026-10-09","Not stated","Not stated","Not stated","Not stated","Not stated","Not stated","Search result describes a cleaner recruitment drive; detailed duties, language, experience, and contract terms not yet confirmed","Work in Finland lists the opening under Bros Palvelut Oy; independent legal identity and direct employer vacancy page still to be checked","Open the Cleanbros result from the Work in Finland cleaner listing and use only the verified official application route","https://www.workinfinland.com/en/open-jobs/?category=services&query=Cleaner","https://www.workinfinland.com/","No wage, hours, exact application deadline, employer's willingness to hire abroad or residence-permit support has been confirmed","REVIEW","A current Lapland cleaning lead surfaced in the nationwide search, but the direct vacancy details need to be opened and verified before treating it as actionable. Confirm pay, regular hours, experience/language rules, application route and overseas hiring."
"FI-20261009-022","2026-10-09","Cleaner / Housekeeper","Housekeeper — Katinkulta resort","N-Clean Oy","Sotkamo, Kainuu","2026-10-02","2026-10-16","Part-time or shift-based; exact contract not stated","Friday and Saturday morning shifts stated; total weekly hours not stated","Not stated","Not stated","Not stated","Cleaning at commercial premises and hotel rooms, plus related customer-service tasks; exact experience/language requirements must be checked on the full listing","Current Laura listing names N-Clean Oy and links the employer recruitment portal; separate confirmation of overseas recruitment not found","Use N-Clean's official recruitment portal linked from the vacancy","https://laura.fi/en/vacancies/n-clean-oy/housekeeper/3886870/","https://rekry.nclean.fi/jobs","Only Friday/Saturday morning shifts are described in the visible vacancy summary; guaranteed minimum hours, gross pay and overseas permit support are unconfirmed","REVIEW","Current listing closes 16 Oct 2026. Investigate only if the employer can offer enough regular guaranteed hours and salary to meet the project's screening threshold; ask explicitly whether applicants applying from India are considered."
"FI-20261009-023","2026-10-09","Production / Factory Helper","Production workers — Ab Rani Plast Oy","Ab Rani Plast Oy (recruitment listing handled by Eezy Henkilöstöpalvelut)","Teerijärvi / Kronoby, Central Ostrobothnia","2026-10-06 listing date shown in current search results","Not stated","Permanent, full-time","Full-time; 12-hour shifts across three shift rotations","Under the plastics and chemical products industry collective agreement; exact gross rate not stated","Plastics and chemical products industry collective agreement","Not stated","Production printing department; physical/routine work; training is provided and prior experience is not necessary; good physical condition and colour differentiation ability required; language requirements not established in the listing summary","Jobly listing names Ab Rani Plast Oy as direct employer; official Rani Plast site has a public open-application form, but this specific vacancy must be confirmed on that form/recruitment contact","Jobly/Eezy application route shown on listing; official Rani Plast open-application page: https://www.hpraniplast.com/en/open-application/","https://www.jobly.fi/en/job/suorarekrytointi-tuotantotyontekija-ab-rani-plast-oy-2763136","https://www.hpraniplast.com/","No exact wage or application deadline found; no evidence found yet that they hire applicants currently outside Finland or support the relevant residence-permit route","REVIEW","Promising full-time permanent production role for a beginner because the listing says prior experience is not necessary. Before applying, confirm exact gross wage, language requirements, current vacancy status and whether the company can hire an applicant applying from India with the correct permit."
"FI-20261009-024","2026-10-09","Production / Factory Helper","Production workers — DMACK Nordic Oy","DMACK Nordic Oy","Lieksa, with nearby areas listed including Nurmes, Kajaani and Joensuu","2026-10-07","Apply as soon as possible; no fixed deadline shown in the listing text","Permanent, full-time","Full-time; shift work","EUR 12–14/hour advertised (approximately EUR 2,064–2,408 gross/month at 40h/week if 40 hours are guaranteed)","Rubber-industry workers' collective agreement","Not stated","Assembly/studding and manual production; previous experience is helpful but not required; fluent Finnish and readiness for shift work are required","A current Jobly vacancy names DMACK Nordic Oy directly; official job-specific careers route and legal-register details still need a separate check","Apply through the application form linked from the Jobly listing; do not rely on email-only applications","https://www.jobly.fi/en/job/tuotantotyontekijoita-dmack-nordic-oylle-lieksaan-2744177","","The advertised base rate clears the project's gross-income floor at full-time hours, but Finnish fluency is required and overseas hiring/permit support is unconfirmed","REVIEW","Pay and full-time terms look promising, and experience is not mandatory. Confirm that the position is still open, exact guaranteed weekly hours, the Finnish-language requirement, official application route and willingness to hire a non-EU applicant from outside Finland."
"FI-20261009-025","2026-10-09","Production / Factory Helper","Food-industry production worker","Osuma Henkilöstöpalvelut Oy (client employer not named in the public listing)","Kuopio, North Savo","2026-10-01","2026-10-20","Fixed-term, full-time, two-shift work","Full-time; exact minimum guaranteed weekly hours not stated","Pay under the commerce-sector collective agreement; exact gross rate not stated","Commerce-sector collective agreement","Not stated","Packing, storage and product processing; Finnish language and hygiene passport required; prior fish-handling/kitchen experience is an advantage; training provided","Active Jobly listing provides recruitment contact and names Osuma; client employer not publicly named in the listing","Apply through Osuma's official online form; contact Jani Lindqvist at 050 565 9987 for clarification","https://www.jobly.fi/en/job/elintarvikealan-tuotantotyontekija-2769369","https://ohp.fi/","No exact wage or client employer disclosed; Finnish language and hygiene-passport requirements must be satisfied; overseas hiring/permit route not confirmed","REVIEW","Current deadline shown as 20 Oct 2026. Verify the legal contract employer, base gross wage, guaranteed hours, hygiene-passport arrangements and overseas-hiring/permit route before spending time on an application."
"FI-20261009-026","2026-10-09","Construction Cleaner / Labour","Construction site cleaner — Levi","Osuma Henkilöstöpalvelut Oy","Levi / Kittilä, Lapland","2026-10-08 shown in current Jobly search results","Not stated in search result","Not stated in available snippet","Not stated","Not stated","Not stated","Not stated","Construction-site cleaning; detailed duties, experience, language and qualifications were not available in the search snippet","Current Jobly construction-site-cleaner search shows a new listing by Osuma dated 8 Oct 2026; specific employer/client and contract details not yet checked","Find the dated vacancy in the Jobly listing and confirm through Osuma's official website/contact before sharing documents","https://www.jobly.fi/en/jobs/construction-site-cleaner","https://ohp.fi/","Pay, hours, deadline, client employer and willingness to hire from outside Finland are all unconfirmed","REVIEW","Newly surfaced Lapland vacancy. The category and location match, but this is only a discovery-stage lead until the direct job details and overseas hiring/permit route are confirmed."
"FI-20261009-027","2026-10-09","Construction Cleaner / Labour","Construction cleaner — Kuusamo","Barona Rakennus Oy","Kuusamo, North Ostrobothnia","Current Barona career listing appears recently posted in early Oct 2026","2026-10-23 shown on Barona's construction-jobs listing","Full-time, fixed-term","Full-time listed; exact guaranteed weekly hours not stated in the summary","Job-board salary band shows EUR 1,000–1,999/month; exact contractual base wage not stated","Construction-sector collective agreement applies; exact wage group not stated","Not stated","Construction cleaning; full requirements and language details need confirmation on the vacancy page","Company-specific Barona careers page lists the role; employer and application portal match Barona Rakennus Oy","Apply through Barona Careers only after confirming pay and overseas eligibility","https://www.barona.fi/tyopaikat/rakennus-tyopaikat/","https://www.baronacareers.com/fi/fi/company/barona-rakennus-oy","Pay band is too broad to confirm EUR 1,600/month; exact hours, full requirements and non-EU overseas hiring not confirmed","REVIEW","A current full-time construction-cleaning listing is available, but do not assume it meets the income threshold from the EUR 1,000–1,999 band. Confirm base monthly wage, guaranteed hours, language/certificate requirements and whether a first-time overseas applicant is accepted."
"FI-20261009-028","2026-10-09","Construction Cleaner / Labour","P1 cleaner — Kajaani","Barona Rakennus Oy","Kajaani, Kainuu","2026-09-17","2026-11-29","Full-time, temporary; planned start in December and about six months' duration","Full-time; exact guaranteed hours not stated","Official page displays EUR 12.60–15.56 but labels the salary period inconsistently; unit must be confirmed in writing","Construction-sector collective agreement","Not stated","Requires 12 months' relevant P1-cleaning experience, fluent Finnish, vocational education and a valid occupational safety card","Verified against Barona Careers' own job page, including the stated deadline and requirements","Apply only through Barona Careers if the mandatory requirements are actually met","https://www.baronacareers.com/fi/fi/jobs/p1-siivooja-barona-rakennus-oy","https://www.baronacareers.com/","Not suitable for a beginner without the required P1-cleaning experience and Finnish; salary unit is inconsistent on the page","REJECTED","Employer's own page confirms mandatory P1-cleaning experience, Finnish fluency and safety-card requirements. Rejected for current candidate-fit reasons, not because the employer appears fraudulent."
"FI-20261009-029","2026-10-09","Warehouse / Material Handling Helper","Evening-shift warehouse worker","Barona","Vantaa, Uusimaa","2026-10-02","Not stated on the detail page inspected","Part-time, fixed-term at least until year end","About 30 hours/week; confirm the guaranteed minimum","EUR 13–15/hour (approximately EUR 1,677–1,935 gross/month at 30h/week if hours and rate are guaranteed)","Commerce-sector collective agreement","Not stated","Picking through an automated system, receiving goods and dispatch work; requires about six months of work experience and fluent Finnish; forklift experience is an advantage","Jobly job page names Barona and its Barona Careers application process; salary/hours are disclosed in the job detail","Apply via the Barona Careers form if eligibility requirements are met","https://www.jobly.fi/en/job/varastotyontekijoita-vantaalle-iltavuoroon-2770260","https://www.baronacareers.com/","Gross income may clear the project floor only if the advertised hours are regular, but the listing requires six months of experience and fluent Finnish","REJECTED","The candidate profile currently has no work experience, while the ad requires about six months and fluent Finnish. Rejected for candidate fit, not as a fraud allegation."
"FI-20261009-030","2026-10-09","Warehouse / Material Handling Helper","Warehouse worker — Koillis-Motor","Koillismotor Oy","Kuusamo, North Ostrobothnia","2026-10-08","Not stated in the search snippet","Listed as a warehouse-worker vacancy; contract type not stated","Not stated","Not stated","Not stated","Not stated","Job title matches warehouse work, but the complete duties, experience, language and licence requirements need checking","Current Jobly full-time warehouse search shows the vacancy with employer named; official employer vacancy page not yet independently found","Open the job listing via Jobly's warehouse-worker search and verify the employer's own application route","https://www.jobly.fi/en/job/varastotyontekija-yla-kainuun-kone-ja-varaosa-oy-koillis-motor-kuusamo-kuusamo-2775360","","Salary, hours, application deadline and overseas hiring/permit support all unknown","REVIEW","A newly posted warehouse lead for Kuusamo, but no salary/hour or contract details have been confirmed. Keep it as discovery-only until the direct listing and employer route are verified."
"FI-20261009-031","2026-10-09","Warehouse / Material Handling Helper","Warehouse worker — Oulainen","YES Your Excellent Staff Oy","Oulainen, North Ostrobothnia","2026-10-08","Not stated in the search snippet","Not stated","Not stated","Not stated","Not stated","Not stated","Current Jobly warehouse search lists the vacancy; details for physical duties, language, experience, and hours were not available in the search summary","Recruiting company named in the current Jobly search; legal employer/end-client and official application route need to be confirmed","Find the specific vacancy through Jobly and verify the official recruitment contact before providing documents","https://www.jobly.fi/en/job/varastotyontekija-oulaisiin-2774955","","No salary, hours, deadline, end-client or overseas-hiring evidence yet","REVIEW","New lead for Oulainen. Do not treat it as suitable until the direct ad confirms guaranteed hours, sufficient pay, applicant requirements and whether an applicant outside Finland can be hired."
"FI-20261009-032","2026-10-09","Cleaner / Housekeeper","Seasonal hotel cleaners — Kemi","SOL Palvelut Oy","Kemi, Lapland","2026-10-08","2026-10-22","Temporary seasonal, part-time","Approximately 20–30 hours/week, varying by occupancy; contract 2026-11-23 to 2027-04-04","EUR 13.22/hour under the facilities-services collective agreement (estimated EUR 1,137–1,705/month at 20–30h/week before any eligible additions)","Facilities-services sector collective agreement, pay group 3","Not stated","Cleaning hotel rooms; English sufficient for workplace communication, Finnish a plus; previous cleaning experience not required","Official listing is on Laura / Job Market Finland and names SOL Palvelut Oy; SOL's company website confirms it is the cleaning-service employer","Apply through SOL's linked official recruitment system; the employer contact is listed as firstname.lastname@sol.fi, so ask for the exact name-based address through the portal rather than guessing it","https://laura.fi/avoimet-tyopaikat/sol-palvelut-oy/seasonal-hotel-cleaners-hotellisiivoojia-talvisesonkiin-kemi/3893150/","https://www.sol.fi/en/","The listing expressly states non-EU/EEA applicants must already hold a valid Finnish residence/work permit; varying part-time hours may also fall below the project's income floor","REJECTED","Despite English being sufficient and experience not required, this ad is expressly for non-EU/EEA applicants who already hold a valid permit. It is not a new permit route for a first-time applicant applying from India. This is an eligibility rejection, not a fraud allegation."
